Workbook

Sheet Resumen
B2: Control de Asistencia
B3: Entrada · Descanso · Salida
B5: Periodo | C5: 03/08/2026 — 19/08/2026
B6: Alcance | C6: Toda la organización
B7: Generado para | C7: jefe@empresa.com
B8: Generado el | C8: 19/08/2026
B9: Días con registro | C9: 29
B12: Totales por empleado
A13: Empleado | B13: Correo | C13: Departamento | D13: Días | E13: Horas presencia | F13: Horas descanso | G13: Horas trabajadas | H13: Horas extra | I13: Horas faltantes | J13: Exceso descanso (min) | K13: Promedio trabajado/día
A14: Ana Gómez | B14: ana@empresa.com | C14: Servicio | D14: =COUNTIF(Detalle!$C:$C,$B14) -> 10 | E14: =SUMIF(Detalle!$C:$C,$B14,Detalle!$H:$H) -> 82.5 | F14: =SUMIF(Detalle!$C:$C,$B14,Detalle!$I:$I) -> 9.25 | G14: =SUMIF(Detalle!$C:$C,$B14,Detalle!$J:$J) -> 73.25 | H14: =SUMIF(Detalle!$C:$C,$B14,Detalle!$N:$N) -> 2.41 | I14: =SUMIF(Detalle!$C:$C,$B14,Detalle!$O:$O) -> 1.66 | J14: =SUMIF(Detalle!$C:$C,$B14,Detalle!$M:$M) -> 135 | K14: =IFERROR($G14/$D14,0) -> 7.325
A15: Luis Pérez | B15: luis@empresa.com | C15: Ventas | D15: =COUNTIF(Detalle!$C:$C,$B15) -> 9 | E15: =SUMIF(Detalle!$C:$C,$B15,Detalle!$H:$H) -> 54.96 | F15: =SUMIF(Detalle!$C:$C,$B15,Detalle!$I:$I) -> 9 | G15: =SUMIF(Detalle!$C:$C,$B15,Detalle!$J:$J) -> 45.96 | H15: =SUMIF(Detalle!$C:$C,$B15,Detalle!$N:$N) -> 0.12 | I15: =SUMIF(Detalle!$C:$C,$B15,Detalle!$O:$O) -> 3.66 | J15: =SUMIF(Detalle!$C:$C,$B15,Detalle!$M:$M) -> 270 | K15: =IFERROR($G15/$D15,0) -> 5.1066667
A16: María Jefe | B16: jefe@empresa.com | C16: Operaciones | D16: =COUNTIF(Detalle!$C:$C,$B16) -> 10 | E16: =SUMIF(Detalle!$C:$C,$B16,Detalle!$H:$H) -> 82.71 | F16: =SUMIF(Detalle!$C:$C,$B16,Detalle!$I:$I) -> 9 | G16: =SUMIF(Detalle!$C:$C,$B16,Detalle!$J:$J) -> 73.71 | H16: =SUMIF(Detalle!$C:$C,$B16,Detalle!$N:$N) -> 4.41 | I16: =SUMIF(Detalle!$C:$C,$B16,Detalle!$O:$O) -> 0.7 | J16: =SUMIF(Detalle!$C:$C,$B16,Detalle!$M:$M) -> 60 | K16: =IFERROR($G16/$D16,0) -> 7.371
A17: TOTAL | D17: =SUM(D14:D16) -> 29 | E17: =SUM(E14:E16) -> 220.17 | F17: =SUM(F14:F16) -> 27.25 | G17: =SUM(G14:G16) -> 192.92 | H17: =SUM(H14:H16) -> 6.94 | I17: =SUM(I14:I16) -> 6.02 | J17: =SUM(J14:J16) -> 465

Sheet Detalle
A1: Fecha | B1: Empleado | C1: Correo | D1: Departamento | E1: Primera entrada | F1: Última salida | G1: Sesiones | H1: Horas presencia | I1: Horas descanso | J1: Horas trabajadas | K1: Descanso permitido (min) | L1: Trabajo esperado | M1: Exceso descanso (min) | N1: Horas extra | O1: Horas faltantes
A2: 46237 | B2: María Jefe | C2: jefe@empresa.com | D2: Operaciones | E2: 46237.339 | F2: 46237.697 | G2: 1 | H2: 8.58 | I2: 1 | J2: 7.58 | K2: 60 | L2: 7 | M2: 0 | N2: 0.58 | O2: 0
A3: 46238 | B3: María Jefe | C3: jefe@empresa.com | D3: Operaciones | E3: 46238.333 | F3: 46238.69 | G3: 1 | H3: 8.57 | I3: 1.25 | J3: 7.32 | K3: 60 | L3: 7 | M3: 15 | N3: 0.32 | O3: 0
A4: 46239 | B4: María Jefe | C4: jefe@empresa.com | D4: Operaciones | E4: 46239.338 | F4: 46239.668 | G4: 1 | H4: 7.92 | I4: 0.5 | J4: 7.42 | K4: 60 | L4: 7 | M4: 0 | N4: 0.42 | O4: 0
A5: 46240 | B5: María Jefe | C5: jefe@empresa.com | D5: Operaciones | E5: 46240.335 | F5: 46240.697 | G5: 1 | H5: 8.67 | I5: 1.25 | J5: 7.42 | K5: 60 | L5: 7 | M5: 15 | N5: 0.42 | O5: 0
A6: 46241 | B6: María Jefe | C6: jefe@empresa.com | D6: Operaciones | E6: 46241.338 | F6: 46241.686 | G6: 1 | H6: 8.35 | I6: 0.5 | J6: 7.85 | K6: 60 | L6: 7 | M6: 0 | N6: 0.85 | O6: 0
A7: 46244 | B7: María Jefe | C7: jefe@empresa.com | D7: Operaciones | E7: 46244.338 | F7: 46244.679 | G7: 1 | H7: 8.18 | I7: 0.75 | J7: 7.43 | K7: 60 | L7: 7 | M7: 0 | N7: 0.43 | O7: 0
A8: 46245 | B8: María Jefe | C8: jefe@empresa.com | D8: Operaciones | E8: 46245.339 | F8: 46245.669 | G8: 1 | H8: 7.92 | I8: 1.25 | J8: 6.67 | K8: 60 | L8: 7 | M8: 15 | N8: 0 | O8: 0.33
A9: 46246 | B9: María Jefe | C9: jefe@empresa.com | D9: Operaciones | E9: 46246.335 | F9: 46246.663 | G9: 1 | H9: 7.88 | I9: 1.25 | J9: 6.63 | K9: 60 | L9: 7 | M9: 15 | N9: 0 | O9: 0.37
A10: 46247 | B10: María Jefe | C10: jefe@empresa.com | D10: Operaciones | E10: 46247.336 | F10: 46247.668 | G10: 1 | H10: 7.97 | I10: 0.5 | J10: 7.47 | K10: 60 | L10: 7 | M10: 0 | N10: 0.47 | O10: 0
A11: 46248 | B11: María Jefe | C11: jefe@empresa.com | D11: Operaciones | E11: 46248.338 | F11: 46248.699 | G11: 1 | H11: 8.67 | I11: 0.75 | J11: 7.92 | K11: 60 | L11: 7 | M11: 0 | N11: 0.92 | O11: 0
A12: 46237 | B12: Ana Gómez | C12: ana@empresa.com | D12: Servicio | E12: 46237.342 | F12: 46237.691 | G12: 1 | H12: 8.37 | I12: 1.25 | J12: 7.12 | K12: 45 | L12: 7.25 | M12: 30 | N12: 0 | O12: 0.13
A13: 46238 | B13: Ana Gómez | C13: ana@empresa.com | D13: Servicio | E13: 46238.333 | F13: 46238.688 | G13: 1 | H13: 8.5 | I13: 0.5 | J13: 8 | K13: 45 | L13: 7.25 | M13: 0 | N13: 0.75 | O13: 0
... A30: 46248 | B30: Luis Pérez | C30: luis@empresa.com | D30: Ventas | E30: 46248.341 | F30: 46248.581 | G30: 1 | H30: 5.77 | I30: 1.25 | J30: 4.52 | K30: 30 | L30: 5.5 | M30: 45 | N30: 0 | O30: 0.98

Sheet Sesiones
A1: Fecha | B1: Empleado | C1: Departamento | D1: Entrada | E1: Salida | F1: Horas presencia | G1: Horas descanso | H1: Horas trabajadas | I1: Descansos
A2: 46237 | B2: Ana Gómez | C2: Servicio | D2: 46237.342 | E2: 46237.691 | F2: 8.37 | G2: 1.25 | H2: 7.12 | I2: 1
A3: 46238 | B3: Ana Gómez | C3: Servicio | D3: 46238.333 | E3: 46238.688 | F3: 8.5 | G3: 0.5 | H3: 8 | I3: 1
A4: 46239 | B4: Ana Gómez | C4: Servicio | D4: 46239.337 | E4: 46239.665 | F4: 7.87 | G4: 0.75 | H4: 7.12 | I4: 1
A5: 46240 | B5: Ana Gómez | C5: Servicio | D5: 46240.338 | E5: 46240.676 | F5: 8.12 | G5: 1.25 | H5: 6.87 | I5: 1
A6: 46241 | B6: Ana Gómez | C6: Servicio | D6: 46241.341 | E6: 46241.698 | F6: 8.57 | G6: 1 | H6: 7.57 | I6: 1
A7: 46244 | B7: Ana Gómez | C7: Servicio | D7: 46244.343 | E7: 46244.704 | F7: 8.67 | G7: 1 | H7: 7.67 | I7: 1
A8: 46245 | B8: Ana Gómez | C8: Servicio | D8: 46245.34 | E8: 46245.666 | F8: 7.83 | G8: 1.25 | H8: 6.58 | I8: 1
A9: 46246 | B9: Ana Gómez | C9: Servicio | D9: 46246.338 | E9: 46246.667 | F9: 7.9 | G9: 1 | H9: 6.9 | I9: 1
A10: 46247 | B10: Ana Gómez | C10: Servicio | D10: 46247.34 | E10: 46247.676 | F10: 8.07 | G10: 0.5 | H10: 7.57 | I10: 1
A11: 46248 | B11: Ana Gómez | C11: Servicio | D11: 46248.34 | E11: 46248.699 | F11: 8.6 | G11: 0.75 | H11: 7.85 | I11: 1
A12: 46237 | B12: Luis Pérez | C12: Ventas | D12: 46237.337 | E12: 46237.585 | F12: 5.95 | G12: 1 | H12: 4.95 | I12: 1
A13: 46238 | B13: Luis Pérez | C13: Ventas | D13: 46238.338 | E13: 46238.594 | F13: 6.15 | G13: 0.75 | H13: 5.4 | I13: 1
... A30: 46248 | B30: María Jefe | C30: Operaciones | D30: 46248.338 | E30: 46248.699 | F30: 8.67 | G30: 0.75 | H30: 7.92 | I30: 1

Sheet Notas
B2: Cómo leer este reporte
B4: Cómo se calculan las horas | C4: Presencia = tiempo entre entrada y salida. Descanso = suma de los periodos marcados como descanso. Trabajadas = presencia menos descanso. Solo las horas trabajadas cuentan para extras y faltantes.
B6: Jornada y descanso son por persona | C6: Cada empleado tiene su propia jornada y su propio descanso permitido, configurables por el administrador. La columna 'Trabajo esperado' muestra la meta de trabajo efectivo que aplica a esa persona.
B8: Jornada que incluye el descanso | C8: Por defecto, una jornada de 8 h con 1 h de descanso significa 8 h de presencia y 7 h de trabajo efectivo. Si un empleado está configurado al revés, su 'Trabajo esperado' será de 8 h y su presencia esperada de 9 h.
B10: Exceso de descanso | C10: Minutos de descanso por encima de lo permitido, resaltados en rojo. Es informativo: no se descuenta automáticamente de las horas trabajadas.
B12: Sesiones | C12: Un día puede tener varias sesiones si la persona marcó salida y volvió a entrar. El detalle diario suma todas las sesiones de la fecha.
B14: Jornadas sin cerrar | C14: Si alguien olvida marcar salida, esa jornada NO aparece aquí hasta que se corrija. Revisa las alertas del panel antes de cerrar el periodo.
B16: Cambios de horario | C16: La jornada y el descanso se leen de la configuración ACTUAL del empleado. Si cambias el horario de alguien, los días anteriores se recalculan con el valor nuevo. Exporta y archiva el reporte antes de hacer cambios retroactivos.
B18: Correcciones y auditoría | C18: Las marcaciones manuales quedan con registro de quién las hizo y por qué; no se borra el registro original. Cada exportación también queda registrada.
